case,method,theta,h,t,phase_rms,phase_median,local_phase_rms,phase_p90,phase_p99,mass_profile_max_abs,energy_relative,com_drift,L_drift,runtime_to_output_s,total_runtime_s
KDK_theta0.5_d128,KDK,0.5,0.0078125,0.25,4.5147552085372806e-05,5.189817458781432e-06,3.420959997194975e-05,4.395158407188367e-05,0.0002442002870909507,0.0,2.777034088952705e-07,1.7538137785482675e-08,2.5683095795340283e-08,1.0754655720083974,25.638437825022265
KDK_theta0.5_d128,KDK,0.5,0.0078125,1.0,0.00014551193449331796,1.4552444000938228e-05,9.454591819303282e-05,9.02774607430023e-05,0.0007268910512681503,1.0000000000010001e-05,3.556219381200667e-07,7.042322862693386e-08,7.22128747449991e-08,4.28425997600425,25.638437825022265
KDK_theta0.5_d128,KDK,0.5,0.0078125,2.0,0.00025902567624399886,2.904473366590469e-05,0.00019079650984260777,0.00014659353440857727,0.0012488158324355345,1.0000000000065512e-05,1.8676238724543525e-07,7.008643456931919e-08,1.3921561677211723e-07,8.562001492013223,25.638437825022265
KDK_theta0.5_d128,KDK,0.5,0.0078125,4.0,0.0004398838756643694,6.661337766444905e-05,0.0004101787457816543,0.00030073023344051483,0.001848649875933936,1.0000000000003062e-05,-1.9091615656193507e-07,7.960204915422468e-08,3.057514656615376e-07,17.092736743041314,25.638437825022265
KDK_theta0.5_d128,KDK,0.5,0.0078125,6.0,0.000622886701180544,0.00011852364203206075,0.00079019723787428,0.0005110817870675053,0.0024256942481943318,3.0000000000000512e-05,-9.279416717860178e-07,5.146755277019164e-08,2.422832889423132e-07,25.638437825022265,25.638437825022265
KDK_theta0.5_d16,KDK,0.5,0.0625,0.25,0.0018096675249018122,3.708277274470276e-05,0.002968906375276895,0.0023088230883951664,0.007998968917167035,8.99999999999998e-05,2.0071145428675756e-05,2.1335403329176774e-09,2.9767319550869313e-08,0.13607136299833655,3.2113845339627005
KDK_theta0.5_d16,KDK,0.5,0.0625,1.0,0.0035726385420336514,9.683943442751917e-05,0.008263025244864929,0.004809803880736246,0.01591154981372407,0.00024000000000000063,6.716362777044103e-05,7.232914978065267e-09,7.718191660804789e-08,0.5377827520132996,3.2113845339627005
KDK_theta0.5_d16,KDK,0.5,0.0625,2.0,0.006730814039791003,0.00025072397040262935,0.017230654182245814,0.008465533077998272,0.028719927235541846,0.0003999999999999976,0.00010943612146298992,1.7390071392304344e-08,1.4451532737517047e-07,1.074288730043918,3.2113845339627005
KDK_theta0.5_d16,KDK,0.5,0.0625,4.0,0.016663340216226733,0.0009557655683928269,0.04071231695460928,0.018714856869696546,0.0744300370557142,0.0002600000000000033,0.0001885791053615933,5.636827736948442e-08,3.3290173447942405e-07,2.140815716003999,3.2113845339627005
KDK_theta0.5_d16,KDK,0.5,0.0625,6.0,0.03240821340522328,0.002371890445137537,0.07587133637511376,0.03539784059204202,0.1441270070442136,0.0004099999999999937,0.0002547902145490429,1.2131244243182495e-07,2.6588673601441536e-07,3.2113845339627005,3.2113845339627005
KDK_theta0.5_d256,KDK,0.5,0.00390625,0.25,4.823604640996907e-05,3.981267939013609e-06,1.5758647948921843e-05,2.8498212713834286e-05,0.00025165455602321654,0.0,1.0407437241057787e-07,4.1911099742022334e-08,2.907721155865417e-08,2.1494421489769593,51.27672626799904
KDK_theta0.5_d256,KDK,0.5,0.00390625,1.0,0.00016461921931809734,1.2537631242998362e-05,4.6616755726679575e-05,6.472642441690213e-05,0.0009765629704658384,1.0000000000010001e-05,3.205562468471376e-07,2.0811109270557873e-07,8.014648603511695e-08,8.56649712199578,51.27672626799904
KDK_theta0.5_d256,KDK,0.5,0.00390625,2.0,0.00028981915641305376,2.5140860372623264e-05,9.185406152747627e-05,0.00011348085227658467,0.0012875411154149785,1.0000000000001327e-05,1.1237028136449823e-07,2.667351288501174e-07,1.7016792062532334e-07,17.12238813296426,51.27672626799904
KDK_theta0.5_d256,KDK,0.5,0.00390625,4.0,0.0004820583712115953,5.8811125960579996e-05,0.00020925475936033636,0.00022770716600504254,0.0016835534383866223,1.0000000000003062e-05,1.3794465702955916e-07,4.39337501620017e-07,3.340423432660264e-07,34.18538465601159,51.27672626799904
KDK_theta0.5_d256,KDK,0.5,0.00390625,6.0,0.0006403325423272057,0.0001062557895402343,0.000377890666723388,0.00039783941059767845,0.0019418103448575294,2.0000000000006124e-05,-2.1164601669947615e-07,5.88253489179679e-07,2.376484458192973e-07,51.27672626799904,51.27672626799904
KDK_theta0.5_d32,KDK,0.5,0.03125,0.25,0.0005464240049989365,1.4866453218497757e-05,0.0008644240192633515,0.0006660243273018178,0.002452259603133005,1.9999999999999185e-05,7.3435082035958e-06,7.130889951549423e-09,2.8064115050535272e-08,0.27066045603714883,6.41999931097962
KDK_theta0.5_d32,KDK,0.5,0.03125,1.0,0.001057696694478319,3.774291170265882e-05,0.002365388522837535,0.0014606083515147652,0.004629881320412066,8.999999999999286e-05,2.224733607965177e-05,1.4906656661635827e-08,7.302254044201769e-08,1.074511272017844,6.41999931097962
KDK_theta0.5_d32,KDK,0.5,0.03125,2.0,0.0019696492191016526,8.131708792725011e-05,0.005006589337605315,0.002615489299027701,0.008553031703932313,0.00010999999999999899,1.9083252243905058e-05,1.945193620297772e-08,1.3855233472148382e-07,2.1460044470150024,6.41999931097962
KDK_theta0.5_d32,KDK,0.5,0.03125,4.0,0.005181300341360773,0.0002713056726084493,0.012660868070446418,0.006020800868117705,0.023023671374446556,0.00017000000000000348,-2.9495374652555364e-06,4.29943613621832e-08,3.220636335020361e-07,4.282685956975911,6.41999931097962
KDK_theta0.5_d32,KDK,0.5,0.03125,6.0,0.011104318824732208,0.000691482254860932,0.02521236072718967,0.012118789785949376,0.04844841341129619,0.000130000000000019,1.5259424506667063e-05,9.961098478292931e-08,2.832072819255733e-07,6.41999931097962,6.41999931097962
KDK_theta0.5_d512,KDK,0.5,0.001953125,0.25,1.2087188613600883e-05,2.61640056230091e-06,1.395245954850259e-05,1.4764061916615162e-05,5.038154295428608e-05,0.0,7.893527651400835e-08,8.062769572625872e-08,3.917758829269355e-08,4.297224409005139,102.54477239097469
KDK_theta0.5_d512,KDK,0.5,0.001953125,1.0,3.315284666130483e-05,9.471609005651265e-06,4.189319894324795e-05,4.481715140490679e-05,0.0001352548950900785,1.0000000000010001e-05,2.591131402979484e-07,3.7951326835299467e-07,1.3322551013260478e-07,17.117863969004247,102.54477239097469
KDK_theta0.5_d512,KDK,0.5,0.001953125,2.0,6.0181019620465746e-05,2.0379774548875158e-05,8.141628892742729e-05,8.290100884574197e-05,0.00023707349364590247,1.0000000000000026e-05,7.739691836659846e-08,6.442835426256378e-07,2.1242443306179474e-07,34.233547763957176,102.54477239097469
KDK_theta0.5_d512,KDK,0.5,0.001953125,4.0,0.00013056214829324357,5.1009243728343225e-05,0.00018828635794759368,0.00018246192181585745,0.0005022991806940741,1.0000000000003062e-05,7.785507131205723e-08,1.634270324752544e-06,5.283726843123097e-07,68.37235442199744,102.54477239097469
KDK_theta0.5_d512,KDK,0.5,0.001953125,6.0,0.0002366150780269518,9.541930398777644e-05,0.0003329001954493975,0.0003353887338813685,0.0008960106849184168,2.0000000000006124e-05,-1.9646871160166343e-07,2.3058405286990034e-06,5.003702589196126e-07,102.54477239097469,102.54477239097469
KDK_theta0.5_d64,KDK,0.5,0.015625,0.25,0.00010922338921338326,7.886173400997408e-06,0.0001681913622925914,0.0001256790693955558,0.0004927805360214067,0.0,2.071779205590329e-06,8.377142467548861e-09,2.9609053655929653e-08,0.5384818289894611,12.825245572021231
KDK_theta0.5_d64,KDK,0.5,0.015625,1.0,0.00023470909466775114,2.0475553783368693e-05,0.00045328424223648866,0.0003133077972817081,0.0010181473925833188,3.0000000000002247e-05,5.723818499308759e-06,2.2069850029520654e-08,7.111865741555727e-08,2.1430303850211203,12.825245572021231
KDK_theta0.5_d64,KDK,0.5,0.015625,2.0,0.00043418030661672213,4.161983266206099e-05,0.0009517412660267768,0.0005547311529102068,0.001960690816236164,3.0000000000002247e-05,2.295573786995263e-06,2.166352940510749e-08,1.3521524694563793e-07,4.282974745030515,12.825245572021231
KDK_theta0.5_d64,KDK,0.5,0.015625,4.0,0.0010057657179939703,0.0001127803766115694,0.0023143942750466985,0.0012099682716941635,0.004517663807545655,6.0000000000001025e-05,5.052988855420011e-06,2.2164954121667107e-08,3.3163233485896675e-07,8.54862357903039,12.825245572021231
KDK_theta0.5_d64,KDK,0.5,0.015625,6.0,0.0020476852960081334,0.00024260740358635004,0.004575467508767767,0.002353211938268418,0.008841577204086638,6.0000000000004494e-05,6.169175378875907e-06,1.1268140142900059e-07,2.655432720401165e-07,12.825245572021231,12.825245572021231
KDK_theta0.8_d128,KDK,0.8,0.0078125,0.25,8.27939135285225e-05,1.2126986664655554e-05,0.0001033772650058334,0.0001047314425238868,0.00034527814646674864,9.999999999999593e-06,6.255542220629873e-07,1.7216900015805277e-08,1.5444461372030044e-07,0.47594538098201156,11.338960986991879
KDK_theta0.8_d128,KDK,0.8,0.0078125,1.0,0.0002109987079653448,3.782189033799665e-05,0.00031255875628058064,0.0002635123762418008,0.0009235848881223731,1.0000000000010001e-05,9.024143341102199e-07,7.002746840645464e-08,6.387706056737781e-07,1.8998274669866078,11.338960986991879
KDK_theta0.8_d128,KDK,0.8,0.0078125,2.0,0.00037343685325655866,7.219336094821529e-05,0.0006097388434108572,0.00044285409276797035,0.0016218205386744524,3.0000000000030003e-05,-1.9906848848781188e-07,7.218473981472509e-08,1.1778913364339472e-06,3.7882216370198876,11.338960986991879
KDK_theta0.8_d128,KDK,0.8,0.0078125,4.0,0.0007578770331447572,0.00016454710055000254,0.001441395654385995,0.0008821206329206313,0.0033985976315216823,4.000000000000184e-05,-2.102224549034784e-06,5.782255342284296e-08,2.6014902097412766e-06,7.556683721020818,11.338960986991879
KDK_theta0.8_d128,KDK,0.8,0.0078125,6.0,0.001456711648565065,0.00029699677145148304,0.0030952681984700667,0.0015659112247261282,0.006263747981589504,6.999999999999975e-05,-1.611816811759087e-06,6.113112133406112e-08,3.591330086598845e-06,11.338960986991879,11.338960986991879
KDK_theta0.8_d16,KDK,0.8,0.0625,0.25,0.001809443926215385,4.215705570185041e-05,0.0029677841629199165,0.00231057617396244,0.007955733473930969,8.99999999999998e-05,2.0349779694618783e-05,2.1837557234777794e-09,1.5025843473983426e-07,0.0718148709856905,1.4422685959143564
KDK_theta0.8_d16,KDK,0.8,0.0625,1.0,0.0035636638162039763,0.00012151728629313462,0.008227407771287555,0.004813408539498854,0.015831667697860242,0.00024000000000000063,6.776725073570694e-05,5.2049664628597396e-09,6.2724865673866e-07,0.2642657269607298,1.4422685959143564
KDK_theta0.8_d16,KDK,0.8,0.0625,2.0,0.006711261074040596,0.00029661965196370603,0.017175261355859065,0.008456211402825117,0.028636733249639917,0.00041000000000000064,0.00010853882785176172,7.496166728977318e-09,1.207195255312743e-06,0.5010112089221366,1.4422685959143564
KDK_theta0.8_d16,KDK,0.8,0.0625,4.0,0.016634242262308554,0.0010009570471106836,0.040672074977663224,0.01869703907840476,0.07410715934253333,0.0002400000000000041,0.00018702020546014706,2.1063988164782407e-08,2.6720209401553316e-06,0.9713407668750733,1.4422685959143564
KDK_theta0.8_d16,KDK,0.8,0.0625,6.0,0.03236695275459954,0.0024099969642725995,0.07577965656684701,0.035488844514484266,0.1438434842375612,0.0004299999999999998,0.00024750316716577676,4.015590786237799e-08,3.660681558374828e-06,1.4422685959143564,1.4422685959143564
KDK_theta0.8_d256,KDK,0.8,0.00390625,0.25,8.500007317037826e-05,1.1491724462948801e-05,9.989167476919085e-05,0.00010228871802753922,0.0003632188023010961,9.999999999999593e-06,4.654464895504971e-07,4.087235838145957e-08,1.6091170425820192e-07,0.9503284530364908,22.667716234049294
KDK_theta0.8_d256,KDK,0.8,0.00390625,1.0,0.00022697384374259055,3.7310100394494266e-05,0.0003151080013935436,0.00025583981608289815,0.0009939075809121598,1.0000000000010001e-05,8.949418030819047e-07,2.0447960154128486e-07,6.578893162593638e-07,3.796144816034939,22.667716234049294
KDK_theta0.8_d256,KDK,0.8,0.00390625,2.0,0.00040004720393693597,7.193842032918563e-05,0.0006072246788519991,0.00043581104134247207,0.0017579665339817717,3.0000000000030003e-05,-2.508211620951789e-07,2.673391729298721e-07,1.2330450858797317e-06,7.571386185998563,22.667716234049294
KDK_theta0.8_d256,KDK,0.8,0.00390625,4.0,0.0007887078284737487,0.00016398521958826653,0.0014131261765447612,0.0008729320519992824,0.00343137399903776,3.999999999998449e-05,-1.726267905223163e-06,4.138380124996061e-07,2.735129189015334e-06,15.105440499028191,22.667716234049294
KDK_theta0.8_d256,KDK,0.8,0.00390625,6.0,0.001472987848734979,0.00029546431273747237,0.0030245059964695226,0.0015519209143147173,0.00642834721858848,8.99999999999998e-05,-9.934631470848072e-07,5.081825226729235e-07,3.685200817059491e-06,22.667716234049294,22.667716234049294
KDK_theta0.8_d32,KDK,0.8,0.03125,0.25,0.0005499934844993706,2.1143566902059466e-05,0.0008679522297799323,0.0006730023122446933,0.0024674088991489393,1.9999999999999185e-05,7.669991666226038e-06,6.100490481953896e-09,1.5068310801839903e-07,0.11882927897386253,2.8267530919983983
KDK_theta0.8_d32,KDK,0.8,0.03125,1.0,0.001057774721022289,5.8916056711314955e-05,0.002346528770943332,0.0014767367567874584,0.004599574530522743,7.999999999999674e-05,2.2861368800236888e-05,1.2889079272459982e-08,6.368956534453574e-07,0.4735262710019015,2.8267530919983983
KDK_theta0.8_d32,KDK,0.8,0.03125,2.0,0.001967716314397267,0.00012342313285262018,0.00498318508781741,0.002625772720231504,0.008474799145177885,0.00011999999999999511,1.8758207065365036e-05,1.1790148405202542e-08,1.1964541445839955e-06,0.9456701680319384,2.8267530919983983
KDK_theta0.8_d32,KDK,0.8,0.03125,4.0,0.00520965055281713,0.0003658656094314315,0.012695291274626808,0.00605826781546897,0.022949044929809707,0.0001799999999999996,-3.99323235481716e-06,1.2182022792381705e-08,2.6581018042077604e-06,1.8856192600214854,2.8267530919983983
KDK_theta0.8_d32,KDK,0.8,0.03125,6.0,0.011155457654479412,0.0008474996569707643,0.02536864873394052,0.012168321842953725,0.04876659216708682,0.00010999999999999899,1.559431118325982e-05,1.7000165594992827e-08,3.644123731663554e-06,2.8267530919983983,2.8267530919983983
KDK_theta0.8_d512,KDK,0.8,0.001953125,0.25,7.107839162302863e-05,8.265134883867465e-06,9.970906549828636e-05,7.427510376289836e-05,0.0003105352192148266,9.999999999999593e-06,4.3442273858985286e-07,8.088475837943902e-08,1.5778189924150488e-07,1.8997898669913411,45.31696970795747
KDK_theta0.8_d512,KDK,0.8,0.001953125,1.0,0.0001605786060904279,3.0165217933849098e-05,0.0003175630377919599,0.00021058742487458138,0.0006491551739739451,1.0000000000010001e-05,8.571647504350942e-07,3.7533982399452417e-07,6.841430880967901e-07,7.5887517419760115,45.31696970795747
KDK_theta0.8_d512,KDK,0.8,0.001953125,2.0,0.0002838743926548564,6.163093149460518e-05,0.0006104875110492994,0.00036750572540738635,0.0011570290710548445,3.0000000000030003e-05,-2.695734559709211e-07,6.250505344250824e-07,1.2789760198182087e-06,15.136218598985579,45.31696970795747
KDK_theta0.8_d512,KDK,0.8,0.001953125,4.0,0.0006399761336659502,0.00014849780909994984,0.00141359698627243,0.0007709140484207491,0.002752197917662441,3.999999999998449e-05,-1.6859557311537975e-06,1.5826686112412245e-06,2.6740719166791656e-06,30.196929037978407,45.31696970795747
KDK_theta0.8_d512,KDK,0.8,0.001953125,6.0,0.001351573912549681,0.00027401174414229813,0.003022176139107772,0.0014174233310301114,0.005664662116284483,8.99999999999998e-05,-8.763233176884507e-07,2.2350269421925334e-06,3.6471385033428055e-06,45.31696970795747,45.31696970795747
KDK_theta0.8_d64,KDK,0.8,0.015625,0.25,0.00012850635323310652,1.4284057418246685e-05,0.00019266876695481913,0.0001623400410008431,0.0005624548349773246,9.999999999996123e-06,2.3785085026599067e-06,8.553434619131955e-09,1.5750999772308238e-07,0.23835408804006875,5.673723706160672
KDK_theta0.8_d64,KDK,0.8,0.015625,1.0,0.00027197957162215287,4.163915364085489e-05,0.0005110670912387245,0.0003932148664310481,0.0011192611901041467,3.0000000000002247e-05,6.334386633636195e-06,2.267347595530919e-08,6.544048048499904e-07,0.9514246940379962,5.673723706160672
KDK_theta0.8_d64,KDK,0.8,0.015625,2.0,0.0004959346955745656,8.002266972248834e-05,0.0010748269825702269,0.0006787525133982189,0.0021201743741902468,3.0000000000030003e-05,1.827267935495049e-06,2.021847361378394e-08,1.2045830750980417e-06,1.8968165910919197,5.673723706160672
KDK_theta0.8_d64,KDK,0.8,0.015625,4.0,0.001164934686073154,0.00019428164393585996,0.0026714390240564993,0.001453632325142106,0.005150625528190429,0.00010000000000000286,3.1096966709574764e-06,3.023632404971652e-08,2.6718274808929834e-06,3.7816501451306976,5.673723706160672
KDK_theta0.8_d64,KDK,0.8,0.015625,6.0,0.002388432365126885,0.0003804253298066308,0.005376074977605337,0.0027845135534204464,0.010210806089133967,7.999999999999674e-05,3.336815823844518e-06,3.18171510236901e-08,3.6798441373785287e-06,5.673723706160672,5.673723706160672
S4G_theta0.5_d128,S4G,0.5,0.0078125,0.25,4.807916512477153e-05,3.5344505223779907e-06,1.388679601189005e-05,2.6976319232518702e-05,0.00025165470390317335,0.0,4.720864497425492e-08,4.10918729278002e-08,3.181247987837841e-08,3.391309601953253,80.88037095096661
S4G_theta0.5_d128,S4G,0.5,0.0078125,1.0,0.00016444216398476643,1.1723047609272384e-05,4.154157107968537e-05,6.322950292524358e-05,0.0009765631630381814,1.0000000000010001e-05,3.1424845539161997e-07,2.1121354924116998e-07,8.023677043560671e-08,13.507801556959748,80.88037095096661
S4G_theta0.5_d128,S4G,0.5,0.0078125,2.0,0.0002893870895501212,2.4093423241239678e-05,8.058732819501445e-05,0.00010797528199452016,0.0012875850583899684,1.0000000000000026e-05,1.0490420910935001e-07,2.7144965932239524e-07,1.86686782567558e-07,27.00141484994674,80.88037095096661
S4G_theta0.5_d128,S4G,0.5,0.0078125,4.0,0.0004809038624919694,5.7858680700145556e-05,0.00018782697596360007,0.0002166151954180369,0.001681101259295876,1.0000000000003062e-05,2.3334083318338846e-07,4.5586519480587403e-07,3.991573464851569e-07,53.929522032965906,80.88037095096661
S4G_theta0.5_d128,S4G,0.5,0.0078125,6.0,0.0006374644903947041,0.00010541362269720463,0.00033366131267999384,0.00038504224464298755,0.0019222153382982567,2.0000000000006124e-05,1.302512458800239e-08,6.192159428969096e-07,2.9396779650776394e-07,80.88037095096661,80.88037095096661
S4G_theta0.5_d16,S4G,0.5,0.0625,0.25,0.0007203090342602622,1.101223158652949e-05,0.0010923018157872062,0.0009050608776339181,0.0032339469855193273,1.9999999999999185e-05,7.956659037197864e-06,5.789359881899916e-09,2.6923360279012323e-08,0.42284230899531394,10.059632661985233
S4G_theta0.5_d16,S4G,0.5,0.0625,1.0,0.0013824137323162013,5.025867769472814e-05,0.0029141766450752325,0.002013609466122826,0.005821116157038788,8.000000000000368e-05,2.6719015982813122e-05,1.2740589028027799e-08,7.268245498134848e-08,1.681130699987989,10.059632661985233
S4G_theta0.5_d16,S4G,0.5,0.0625,2.0,0.00255040023469087,0.00012679217893997512,0.006296773385463581,0.003496257276818709,0.010720008104288331,7.999999999999674e-05,2.5283294231336186e-05,1.7736904142858255e-08,1.3171287152990367e-07,3.3641116570215672,10.059632661985233
S4G_theta0.5_d16,S4G,0.5,0.0625,4.0,0.006935698780782249,0.0004111432187936069,0.01667682033026646,0.008091358056153342,0.03038495072030131,0.0001999999999999988,-3.955043400643661e-06,4.9263494550384236e-08,3.1877890200734286e-07,6.710612900031265,10.059632661985233
S4G_theta0.5_d16,S4G,0.5,0.0625,6.0,0.014739491889872527,0.0009734842435453948,0.03367315785295976,0.01619453413074471,0.06496065078869527,0.00016000000000000042,4.073373997930246e-05,1.1068212008869343e-07,2.595317101212364e-07,10.059632661985233,10.059632661985233
S4G_theta0.5_d32,S4G,0.5,0.03125,0.25,0.00017933238900193015,6.289018818273979e-06,0.0002591739062634118,0.00021137095995335628,0.000802519954996909,0.0,9.789332729692707e-07,7.3276259765559e-09,2.8347612621300032e-08,0.844027282029856,20.125465541961603
S4G_theta0.5_d32,S4G,0.5,0.03125,1.0,0.0003668801807218504,2.5243676137719478e-05,0.0006966375246021205,0.0005492681136884617,0.0015302292489127946,4.000000000001225e-05,2.730199291073289e-06,2.530116745100239e-08,7.040698365258965e-08,3.36394906998612,20.125465541961603
S4G_theta0.5_d32,S4G,0.5,0.03125,2.0,0.0006769964918042506,5.706989132560236e-05,0.0015225679066859892,0.0009834584062555103,0.002850969876369383,6.0000000000004494e-05,2.037840418211272e-06,2.1966408978444336e-08,1.4302151023171414e-07,6.723114053951576,20.125465541961603
S4G_theta0.5_d32,S4G,0.5,0.03125,4.0,0.0018092054009899924,0.00016693982431625502,0.003948866435604847,0.00228099399163508,0.00785039570392487,9.000000000000327e-05,1.4728678684083795e-05,1.4478085090042864e-08,3.290467551222485e-07,13.418718725966755,20.125465541961603
S4G_theta0.5_d32,S4G,0.5,0.03125,6.0,0.004000311842214491,0.0003718709555290091,0.008744065545850681,0.004577470176142142,0.01716542377089591,0.00016000000000000736,1.4133645986500884e-05,9.932003538639377e-08,2.7136197206661556e-07,20.125465541961603,20.125465541961603
S4G_theta0.5_d4,S4G,0.5,0.25,0.25,0.004569410962753435,8.436645094389041e-05,0.0073773980345695316,0.005612042282701277,0.019300034255094533,3.0000000000002247e-05,4.986727619979049e-05,9.464104135873285e-10,3.4361288637977895e-08,0.10718096798518673,2.5253598060808145
S4G_theta0.5_d4,S4G,0.5,0.25,1.0,0.008928606673655633,0.0004502258942506965,0.02044025703143331,0.011995019714629471,0.03674659477195617,0.0001500000000000043,0.00014704408958573722,2.4722997488868798e-09,8.396714885465052e-08,0.42405439499998465,2.5253598060808145
S4G_theta0.5_d4,S4G,0.5,0.25,2.0,0.016684158661686585,0.0010937120792532833,0.044344457013326524,0.020046216924608208,0.06890733281064133,0.00034999999999999615,0.0003821816280332583,1.0091212891579534e-08,1.3972107632745497e-07,0.8451490550069138,2.5253598060808145
S4G_theta0.5_d4,S4G,0.5,0.25,4.0,0.04157488536503547,0.0029731938760815244,0.09960809713423449,0.0428654666950777,0.1866257417463383,0.0005299999999999958,0.0008970445301603314,4.375417332550156e-08,3.162117466139184e-07,1.6856981150340289,2.5253598060808145
S4G_theta0.5_d4,S4G,0.5,0.25,6.0,0.07588660755717515,0.006135429786101387,0.1769282244587529,0.07779725049948895,0.3488082733762525,0.0005000000000000004,0.0013315538882369409,1.0443169537512597e-07,2.0774534877179954e-07,2.5253598060808145,2.5253598060808145
S4G_theta0.5_d64,S4G,0.5,0.015625,0.25,4.8708574468667984e-05,4.388841002711559e-06,3.943470311823331e-05,5.269542590263891e-05,0.0002460411657149988,0.0,-3.004295682316633e-07,1.8429566700501933e-08,2.797956467584251e-08,1.687700989015866,40.28246833191952
S4G_theta0.5_d64,S4G,0.5,0.015625,1.0,0.00015050189390157485,1.5599881632075027e-05,0.00010795086083659272,0.00011346729352811787,0.0007310889043908366,1.0000000000010001e-05,-1.324663799916527e-06,7.370038119957523e-08,6.302444974184069e-08,6.7201211379724555,40.28246833191952
S4G_theta0.5_d64,S4G,0.5,0.015625,2.0,0.00026774110071383115,3.300468207041042e-05,0.00023582283290993244,0.00019658820779076044,0.001251802019259544,1.9999999999999185e-05,-2.4357760063343685e-07,6.701359028221474e-08,1.2577561807939207e-07,13.426611518952996,40.28246833191952
S4G_theta0.5_d64,S4G,0.5,0.015625,4.0,0.0004921141621628357,8.288963763858605e-05,0.0006251705814918053,0.0004459832239537161,0.0020975571735744195,3.0000000000002247e-05,-9.812564513186874e-07,7.835061763526372e-08,2.9753823179247846e-07,26.822844923939556,40.28246833191952
S4G_theta0.5_d64,S4G,0.5,0.015625,6.0,0.0008149276282732889,0.0001588838798562723,0.0013224839824548698,0.0008618207803834773,0.0035208317294540188,5.9999999999997555e-05,-1.6338521258465216e-06,5.344008110900983e-08,2.812567369067923e-07,40.28246833191952,40.28246833191952
S4G_theta0.5_d8,S4G,0.5,0.125,0.25,0.002024439754388588,2.870694926195861e-05,0.00313720970109481,0.0026670947256420044,0.008912252720034222,3.0000000000002247e-05,2.0066879057045726e-05,1.9764621467674434e-09,3.008783782009593e-08,0.21249786199769005,5.032519511063583
S4G_theta0.5_d8,S4G,0.5,0.125,1.0,0.0038447832588676973,0.0001436874722890929,0.008323078458301032,0.005637498448471583,0.016124404029176854,0.00010999999999999899,7.928639032111797e-05,9.240300263234699e-09,7.826984729791493e-08,0.8427852760069072,5.032519511063583
S4G_theta0.5_d8,S4G,0.5,0.125,2.0,0.007098512773511504,0.00037532051173492565,0.017547210398748042,0.009592975142114655,0.029666430027582215,0.00016999999999999654,0.00015195756504850005,1.8703959038042225e-08,1.3954698615421024e-07,1.6834400140214711,5.032519511063583
S4G_theta0.5_d8,S4G,0.5,0.125,4.0,0.018408866603703326,0.0012235410052716916,0.04409739171525617,0.021088642542159124,0.08187647509049724,0.00023000000000000104,0.00029921143794593816,6.082761098040115e-08,3.3283777159001194e-07,3.3569046100601554,5.032519511063583
S4G_theta0.5_d8,S4G,0.5,0.125,6.0,0.03627824309199038,0.0028266927462104697,0.08438771810344588,0.04006745721636357,0.1644667278215394,0.0003599999999999992,0.00044349901967650227,1.235089326539598e-07,2.997719346081421e-07,5.032519511063583,5.032519511063583
S4G_theta0.8_d128,S4G,0.8,0.0078125,0.25,8.51181897198484e-05,1.1436364256588583e-05,0.00010006362948520678,0.00010224620055769984,0.00036521598652666093,9.999999999999593e-06,4.215794740694822e-07,4.051228992166601e-08,1.4700864742409606e-07,1.438081435044296,34.33189419703558
S4G_theta0.8_d128,S4G,0.8,0.0078125,1.0,0.00022772730433895836,3.730226015920844e-05,0.0003190821785829053,0.00025719437546885537,0.0009993268052038691,1.0000000000010001e-05,8.790716779071969e-07,2.0592952001416286e-07,6.12382074677583e-07,5.7432026760070585,34.33189419703558
S4G_theta0.8_d128,S4G,0.8,0.0078125,2.0,0.0004013986075646845,7.200432299762327e-05,0.0006129817643633636,0.00043809645614195533,0.0017662619973115759,3.0000000000030003e-05,-2.5449188502665343e-07,2.7214706461663496e-07,1.1543780089349691e-06,11.469323666999117,34.33189419703558
S4G_theta0.8_d128,S4G,0.8,0.0078125,4.0,0.0007903633720796985,0.00016395037395150147,0.0014165381101161035,0.0008737919554079112,0.0034492389660849805,3.999999999998449e-05,-1.598629088019875e-06,4.293261720859194e-07,2.608858934816173e-06,22.89236706600059,34.33189419703558
S4G_theta0.8_d128,S4G,0.8,0.0078125,6.0,0.0014760855421660094,0.0002953556110620011,0.0030267130423454404,0.0015517702262309787,0.006471173793655351,8.99999999999998e-05,-7.204244162538664e-07,5.301479595923456e-07,3.5766327464126204e-06,34.33189419703558,34.33189419703558
S4G_theta0.8_d16,S4G,0.8,0.0625,0.25,0.0007243688336108905,1.8972492133420645e-05,0.00109729453327174,0.0009150801711456838,0.003254122550299522,2.0000000000000052e-05,8.245149649778057e-06,6.164125260653793e-09,1.5236239819094795e-07,0.1809146769810468,4.298258024966344
S4G_theta0.8_d16,S4G,0.8,0.0625,1.0,0.0013903883692164612,7.435463322383444e-05,0.0029248843789327897,0.0020276415925668018,0.005851010851099603,8.99999999999998e-05,2.7437197360739505e-05,1.1263850149417637e-08,6.449119752431289e-07,0.7207383259665221,4.298258024966344
S4G_theta0.8_d16,S4G,0.8,0.0625,2.0,0.0025635297112103564,0.00017052090846818153,0.006313927359598818,0.0035120550173582074,0.01077850936225999,7.00000000000145e-05,2.490888884566989e-05,1.0337767167243173e-08,1.1977848931354212e-06,1.4375247809803113,4.298258024966344
S4G_theta0.8_d16,S4G,0.8,0.0625,4.0,0.006968244361420818,0.0005030422761771372,0.016698670915818756,0.00811741385484773,0.03059855662561767,0.00021000000000000185,-3.9534003994088336e-06,1.1443652294755923e-08,2.656886508825022e-06,2.8670082789612934,4.298258024966344
S4G_theta0.8_d16,S4G,0.8,0.0625,6.0,0.014802941079418142,0.0011142197708474584,0.0338119409085029,0.016305741189551543,0.06577025586414253,0.0001799999999999996,3.9489968518030594e-05,2.2392271578388232e-08,3.649429377426797e-06,4.298258024966344,4.298258024966344
S4G_theta0.8_d32,S4G,0.8,0.03125,0.25,0.00019257938329460302,1.3712065409397776e-05,0.000277569323928043,0.0002370937085806412,0.0008532952990712475,9.999999999999593e-06,1.3080443231639282e-06,7.239619748283518e-09,1.603138402334472e-07,0.36043605901068076,8.591339436999988
S4G_theta0.8_d32,S4G,0.8,0.03125,1.0,0.0003999149339192488,4.744515924672653e-05,0.0007683685526276214,0.000604821816976866,0.0016377473656937662,2.999999999997449e-05,3.3622188875908925e-06,2.4993128159897287e-08,6.578721282451168e-07,1.4385777790448628,8.591339436999988
S4G_theta0.8_d32,S4G,0.8,0.03125,2.0,0.0007323112280717022,9.586183922098252e-05,0.0016521266538977123,0.0010678288998946521,0.0030381762883856475,3.999999999999837e-05,1.6159801791664774e-06,2.2904109905963474e-08,1.2025164635673378e-06,2.872104347043205,8.591339436999988
S4G_theta0.8_d32,S4G,0.8,0.03125,4.0,0.0019041571758564911,0.0002488367109119729,0.004172771590914156,0.0024150148674513894,0.008297770753451984,0.00010000000000000286,1.3174086295590932e-05,2.3219201423394444e-08,2.661401891962105e-06,5.729699410032481,8.591339436999988
S4G_theta0.8_d32,S4G,0.8,0.03125,6.0,0.004208102045720993,0.0005103119681760314,0.009235046098011828,0.00481934512978089,0.018112346138538953,0.00016000000000000736,1.3636859477230092e-05,2.3449197493940127e-08,3.6535245725849042e-06,8.591339436999988,8.591339436999988
S4G_theta0.8_d4,S4G,0.8,0.25,0.25,0.004569212867804937,8.67237736465938e-05,0.007377485531856254,0.005605356361988357,0.019299311707791495,3.0000000000002247e-05,5.0443924776573446e-05,1.2010006065558128e-09,1.7317414099643277e-07,0.04633741802535951,1.0852884658961557
S4G_theta0.8_d4,S4G,0.8,0.25,1.0,0.008926217095393945,0.0004539300480460495,0.020434598756704954,0.011998688213892982,0.036708985414100434,0.00017000000000000348,0.00014791029997146437,2.9793439388720283e-09,5.820909597828033e-07,0.18486395297804847,1.0852884658961557
S4G_theta0.8_d4,S4G,0.8,0.25,2.0,0.016669697583958615,0.0010964911588795326,0.04430206790222769,0.02006670005930111,0.06874660234807844,0.00032000000000000084,0.0003817839940920357,3.244697903885614e-09,1.1710348582358071e-06,0.3658074139384553,1.0852884658961557
S4G_theta0.8_d4,S4G,0.8,0.25,4.0,0.04155171525678463,0.0029755318035239336,0.09952459013009435,0.04285958079170483,0.18607106921684358,0.0005900000000000002,0.0008912180622558572,2.9316345916107437e-09,2.6820330435821793e-06,0.7254855419159867,1.0852884658961557
S4G_theta0.8_d4,S4G,0.8,0.25,6.0,0.07577318725155992,0.00612918530503799,0.1752664195079044,0.07786327442742318,0.34703983210985484,0.0005199999999999996,0.0012918253619268432,1.6018369288205535e-08,3.6960720767141542e-06,1.0852884658961557,1.0852884658961557
S4G_theta0.8_d64,S4G,0.8,0.015625,0.25,8.542930670120866e-05,1.1959160140981302e-05,0.0001065988762008885,0.00011121846900909314,0.0003515569897680073,1.0000000000001327e-05,6.874777753787456e-08,1.763780641050164e-08,1.5828309126086556e-07,0.719642739975825,17.171910256962292
S4G_theta0.8_d64,S4G,0.8,0.015625,1.0,0.00021811708825417134,3.8504896786894415e-05,0.00033412680042819775,0.0002823489312017407,0.0009474663315587329,1.999999999996449e-05,-7.905244155289449e-07,7.306383355176268e-08,6.562687424270702e-07,2.873185577976983,17.171910256962292
S4G_theta0.8_d64,S4G,0.8,0.015625,2.0,0.000386463005266792,7.414526158796841e-05,0.0006486945172685904,0.0004768795471437421,0.0016773454334331236,2.0000000000020002e-05,-5.40315440382786e-07,7.4265669510644e-08,1.1986257184928984e-06,5.73757402197225,17.171910256962292
S4G_theta0.8_d64,S4G,0.8,0.015625,4.0,0.0007979751305829478,0.00017148138922989115,0.0015339880869663608,0.0009631593098202606,0.003568269860327895,3.0000000000002247e-05,-2.8338336598048186e-06,5.622450905814055e-08,2.6378923817176313e-06,11.45018959796289,17.171910256962292
S4G_theta0.8_d64,S4G,0.8,0.015625,6.0,0.001572915003619586,0.0003148873507513897,0.0033261058881157565,0.0017328962401702743,0.006747400777624116,5.9999999999997555e-05,-2.067097719704842e-06,4.587577675754267e-08,3.626981942178293e-06,17.171910256962292,17.171910256962292
S4G_theta0.8_d8,S4G,0.8,0.125,0.25,0.0020261705776713655,3.637536910840637e-05,0.0031399597852437107,0.0026690084871664388,0.008910905869817354,3.0000000000002247e-05,2.038285189612608e-05,1.6390123025864286e-09,1.4928567261831444e-07,0.09157551702810451,2.1609441789914854
S4G_theta0.8_d8,S4G,0.8,0.125,1.0,0.003848170003703434,0.00016417514502099117,0.008332265628765446,0.0056511034019341546,0.016164775042975907,9.99999999999994e-05,8.002351593455101e-05,5.898177351880124e-09,6.27874344536208e-07,0.36213617300381884,2.1609441789914854
S4G_theta0.8_d8,S4G,0.8,0.125,2.0,0.007102682000644834,0.0004051576495185793,0.017547437021784136,0.009584957253302625,0.029635110647327,0.00016000000000000042,0.0001505153452780403,7.042748466210411e-09,1.1708274525582448e-06,0.7235307749942876,2.1609441789914854
S4G_theta0.8_d8,S4G,0.8,0.125,4.0,0.01841113973678563,0.001253157880642562,0.0441067973910805,0.02106951597054306,0.08242987471253894,0.0001799999999999996,0.00029652174836774955,2.0030648457735016e-08,2.629239121715156e-06,1.4418586259707808,2.1609441789914854
S4G_theta0.8_d8,S4G,0.8,0.125,6.0,0.036257220597890945,0.0028538591417316336,0.08414957737405324,0.04008858527212363,0.1636934946437891,0.00037999999999999146,0.00044422158187475087,3.6018013316412406e-08,3.560231043164792e-06,2.1609441789914854,2.1609441789914854
reference_coarse,S4G,0.4,0.0078125,0.25,4.6561707438419426e-05,7.451930890988629e-07,2.372839512927201e-06,6.198764016463759e-06,0.00025165464207913257,0.0,2.2111668986237316e-08,4.141375994864998e-08,3.5246433469146515e-08,4.98948097997345,121.40525329892989
reference_coarse,S4G,0.4,0.0078125,1.0,0.0001611088577650138,1.6469659661827205e-06,6.392250394669568e-06,9.218351862317864e-06,0.0009765630950080515,1.0000000000010001e-05,1.1789131168287517e-07,2.1409823436563436e-07,1.0086184169827294e-07,20.048210622975603,121.40525329892989
reference_coarse,S4G,0.4,0.0078125,2.0,0.0002831642583775513,2.7632514998559113e-06,1.2816282604081579e-05,1.3537123245959815e-05,0.0012875850899712103,9.99999999995449e-06,4.305843867968114e-08,2.8788652341709e-07,1.7724653367330665e-07,40.154434980941005,121.40525329892989
reference_coarse,S4G,0.4,0.0078125,4.0,0.0004631356746724076,5.430059010129854e-06,3.154229783836272e-05,2.8163208373308965e-05,0.001677943838256155,1.0000000000003062e-05,1.2925422501345302e-07,5.315572222561318e-07,3.552455907252007e-07,80.61105223395862,121.40525329892989
reference_coarse,S4G,0.4,0.0078125,6.0,0.0005925294299584731,9.091670673850069e-06,6.386229342324014e-05,5.3957178081410416e-05,0.001752389958281578,1.0000000000010001e-05,3.236678191981513e-07,7.991953614907714e-07,3.5811695080367416e-07,121.40525329892989,121.40525329892989
reference_fine,S4G,0.4,0.00390625,0.25,0.0,0.0,0.0,0.0,0.0,0.0,4.4682283632272326e-08,8.286382248279645e-08,3.098313304475685e-08,10.277964685985353,246.35742168698926
reference_fine,S4G,0.4,0.00390625,1.0,0.0,0.0,0.0,0.0,0.0,0.0,9.132752284967917e-08,3.8788928789741036e-07,9.348386229865408e-08,41.13168082095217,246.35742168698926
reference_fine,S4G,0.4,0.00390625,2.0,0.0,0.0,0.0,0.0,0.0,0.0,4.3201133459184896e-08,6.628625953870156e-07,1.0108215262335673e-07,82.22558095998829,246.35742168698926
reference_fine,S4G,0.4,0.00390625,4.0,0.0,0.0,0.0,0.0,0.0,0.0,-1.9822464470309266e-08,1.6847210938647157e-06,2.3263145188781405e-07,164.26413572399179,246.35742168698926
reference_fine,S4G,0.4,0.00390625,6.0,0.0,0.0,0.0,0.0,0.0,0.0,1.0483862321392906e-07,2.4190830815097175e-06,2.4199481528259153e-07,246.35742168698926,246.35742168698926
